Citation;Year;Criterion Domain;IAT Identifier;IAT Description;IAT Focus;Criterion Identifier;Criterion Description;Criterion Category ;Scoring Method;Target;R Type;Sample Identifier;N;R;R Source
AMODIO & DEVINE;2006;R;1;RACE IAT;1;3;SEATING DISTANCE;MICROBEHAVIOR;0;1;ICC;2;21;0,44;EMAIL
AMODIO & DEVINE;2006;R;2;STEREOTYPE IAT;2;3;SEATING DISTANCE;MICROBEHAVIOR;0;1;ICC;2;21;-0,085;EMAIL
AMODIO & DEVINE;2006;R;1;RACE IAT;1;1;NEGATIVE STEREOTYPING;PERSON PERCEPTION;0;1;ICC;1;32;-0,138;EMAIL
AMODIO & DEVINE;2006;R;1;RACE IAT;1;2;LIKING  ;PERSON PERCEPTION;0;1;ICC;1;32;-0,33;EMAIL
AMODIO & DEVINE;2006;R;2;STEREOTYPE IAT;2;1;NEGATIVE STEREOTYPING;PERSON PERCEPTION;0;1;ICC;1;32;0,35;EMAIL
AMODIO & DEVINE;2006;R;2;STEREOTYPE IAT;2;2;LIKING  ;PERSON PERCEPTION;0;1;ICC;1;32;-0,06;EMAIL
AMODIO & DEVINE;2006;R;1;RACE IAT;1;1;ACADEMIC ABILITY;PERSON PERCEPTION;1;2;ICC;2;21;-0,24;EMAIL
AMODIO & DEVINE;2006;R;1;RACE IAT;1;2;ACADEMIC ENJOYMENT ;PERSON PERCEPTION;1;2;ICC;2;21;-0,057;EMAIL
AMODIO & DEVINE;2006;R;2;STEREOTYPE IAT;2;1;ACADEMIC ABILITY;PERSON PERCEPTION;1;2;ICC;2;21;0,461;EMAIL
AMODIO & DEVINE;2006;R;2;STEREOTYPE IAT;2;2;ACADEMIC ENJOYMENT;PERSON PERCEPTION;1;2;ICC;2;21;0,437;EMAIL
ASHBURN-NARDO ET AL.;2003;R;1;RACE IAT;1;1;PARTNER PREFERENCE INDEX;PERSON PERCEPTION;2;2;ICC;1;77;0,23;ARTICLE
AVENANTI ET AL.;2010;R;1;ITALIAN (WHITE)/ AFRICAN (BLACK) ATTITUDE;1;1;SENSORIMOTOR RESPONSE TO PAIN;BRAIN ACTIVITY;1;2;ICC;1;16;0,5;ARTICLE
AVENANTI ET AL.;2010;R;1;ITALIAN (WHITE)/ AFRICAN (BLACK) ATTITUDE;1;1;SENSORIMOTOR RESPONSE TO PAIN;BRAIN ACTIVITY;1;2;ICC;2;16;0,71;ARTICLE
BIERNAT ET AL.;2009;R;1;RACE IAT;1;2;AMOUNT OF FUNDING CUT TO BLACK STUDENT UNION;POLICY PREFERENCE;0;1;ICC;1;136;0,05;ARTICLE
BIERNAT ET AL. ;2009;R;1;RACE IAT;1;1;WHITE-BLACK DIFFERENCE IN OBJECTIVE - SUBJECTIVE RATINGS OF ACADEMIC ABILITY OF TARGETS;PERSON PERCEPTION;1;2;ICC;1;136;0,14;ARTICLE
CARNEY (UNPUBLISHED);2006;R;1;RACE IAT;1;1;NUMBER OF BLINKS;MICROBEHAVIOR;1;2;ICC;1;29;0,36;PAPER
CARNEY (UNPUBLISHED);2006;R;1;RACE IAT;1;2;NERVOUS;MICROBEHAVIOR;1;2;ICC;1;29;-0,21;PAPER
CARNEY (UNPUBLISHED);2006;R;1;RACE IAT;1;3;NUMBER OF SELF-TOUCHES;MICROBEHAVIOR;1;2;ICC;1;29;0,1;PAPER
CARNEY (UNPUBLISHED);2006;R;1;RACE IAT;1;4;BODY AND HEAD TOWARD;MICROBEHAVIOR;1;2;ICC;1;29;-0,01;PAPER
CARNEY (UNPUBLISHED);2006;R;1;RACE IAT;1;5;NUMBER OF SMILES;MICROBEHAVIOR;1;2;ICC;1;29;0,09;PAPER
CARNEY (UNPUBLISHED);2006;R;1;RACE IAT;1;6;NUMBER OF HEAD NODS;MICROBEHAVIOR;1;2;ICC;1;29;-0,03;PAPER
CARNEY (UNPUBLISHED);2006;R;1;RACE IAT;1;7;PLEASANT;MICROBEHAVIOR;1;2;ICC;1;29;0,1;PAPER
CARNEY (UNPUBLISHED);2006;R;1;RACE IAT;1;8;COLD;MICROBEHAVIOR;1;2;ICC;1;29;0,61;PAPER
CARNEY (UNPUBLISHED);2006;R;1;RACE IAT;1;9;HOSTILE;MICROBEHAVIOR;1;2;ICC;1;29;0,41;PAPER
CARNEY (UNPUBLISHED);2006;R;1;RACE IAT;1;10;UNFRIENDLY;MICROBEHAVIOR;1;2;ICC;1;29;0,23;PAPER
CARNEY (UNPUBLISHED);2006;R;1;RACE IAT;1;11;EXPRESSIVE;MICROBEHAVIOR;1;2;ICC;1;29;0,48;PAPER
CARNEY (UNPUBLISHED);2006;R;1;RACE IAT;1;12;INTERACTIONALLY RIGID;MICROBEHAVIOR;1;2;ICC;1;29;0,45;PAPER
CARNEY (UNPUBLISHED);2006;R;1;RACE IAT;1;13;POSTURALLY RIGID;MICROBEHAVIOR;1;2;ICC;1;29;0,36;PAPER
CARNEY (UNPUBLISHED);2006;R;1;RACE IAT;1;14;NUMBER OF SPEECH ERRORS;MICROBEHAVIOR;1;2;ICC;1;29;-0,27;PAPER
CARNEY (UNPUBLISHED);2006;R;1;RACE IAT;1;15;PARTICIPANT RATING OF POSITIVE FEELINGS;MICROBEHAVIOR;1;2;ICC;1;29;0,35;PAPER
CARNEY (UNPUBLISHED);2006;R;1;RACE IAT;1;16;CONFEDERATE RATING OF POSITIVE FEELING;MICROBEHAVIOR;1;2;ICC;1;29;0,36;PAPER
CARNEY (UNPUBLISHED);2006;R;1;RACE IAT;1;17;FACS CODING-ANGER;MICROBEHAVIOR;1;2;ICC;1;29;0,09;PAPER
CARNEY (UNPUBLISHED);2006;R;1;RACE IAT;1;18;FACS CODING-DISGUST;MICROBEHAVIOR;1;2;ICC;1;29;-0,29;PAPER
CARNEY (UNPUBLISHED);2006;R;1;RACE IAT;1;19;FACS CODING-FEARFUL;MICROBEHAVIOR;1;2;ICC;1;29;0,43;PAPER
CARNEY (UNPUBLISHED);2006;R;1;RACE IAT;1;20;FACS CODING-HAPPY;MICROBEHAVIOR;1;2;ICC;1;29;-0,23;PAPER
CARNEY (UNPUBLISHED);2006;R;1;RACE IAT;1;21;FACS CODING-SAD;MICROBEHAVIOR;1;2;ICC;1;29;-0,09;PAPER
CARNEY (UNPUBLISHED);2006;R;1;RACE IAT;1;22;FACS CODING-SURPRISE;MICROBEHAVIOR;1;2;ICC;1;29;0,07;PAPER
CARNEY (UNPUBLISHED);2006;R;1;RACE IAT;1;1;NUMBER OF BLINKS;MICROBEHAVIOR;1;2;ICC;2;33;-0,17;PAPER
CARNEY (UNPUBLISHED);2006;R;1;RACE IAT;1;2;NERVOUS;MICROBEHAVIOR;1;2;ICC;2;33;-0,1;PAPER
CARNEY (UNPUBLISHED);2006;R;1;RACE IAT;1;3;NUMBER OF SELF-TOUCHES;MICROBEHAVIOR;1;2;ICC;2;33;-0,21;PAPER
CARNEY (UNPUBLISHED);2006;R;1;RACE IAT;1;4;BODY AND HEAD TOWARD;MICROBEHAVIOR;1;2;ICC;2;33;0,12;PAPER
CARNEY (UNPUBLISHED);2006;R;1;RACE IAT;1;5;NUMBER OF SMILES;MICROBEHAVIOR;1;2;ICC;2;33;0,13;PAPER
CARNEY (UNPUBLISHED);2006;R;1;RACE IAT;1;6;NUMBER OF HEAD NODS;MICROBEHAVIOR;1;2;ICC;2;33;0,01;PAPER
CARNEY (UNPUBLISHED);2006;R;1;RACE IAT;1;7;PLEASANT;MICROBEHAVIOR;1;2;ICC;2;33;0,18;PAPER
CARNEY (UNPUBLISHED);2006;R;1;RACE IAT;1;8;COLD;MICROBEHAVIOR;1;2;ICC;2;33;-0,1;PAPER
CARNEY (UNPUBLISHED);2006;R;1;RACE IAT;1;9;HOSTILE;MICROBEHAVIOR;1;2;ICC;2;33;-0,11;PAPER
CARNEY (UNPUBLISHED);2006;R;1;RACE IAT;1;10;UNFRIENDLY;MICROBEHAVIOR;1;2;ICC;2;33;0;PAPER
CARNEY (UNPUBLISHED);2006;R;1;RACE IAT;1;11;EXPRESSIVE;MICROBEHAVIOR;1;2;ICC;2;33;-0,02;PAPER
CARNEY (UNPUBLISHED);2006;R;1;RACE IAT;1;12;INTERACTIONALLY RIGID;MICROBEHAVIOR;1;2;ICC;2;33;0,44;PAPER
CARNEY (UNPUBLISHED);2006;R;1;RACE IAT;1;13;POSTURALLY RIGID;MICROBEHAVIOR;1;2;ICC;2;33;0,39;PAPER
CARNEY (UNPUBLISHED);2006;R;1;RACE IAT;1;14;NUMBER OF SPEECH ERRORS;MICROBEHAVIOR;1;2;ICC;2;33;-0,17;PAPER
CARNEY (UNPUBLISHED);2006;R;1;RACE IAT;1;15;PARTICIPANT RATING OF POSITIVE FEELINGS;MICROBEHAVIOR;1;2;ICC;2;33;0;PAPER
CARNEY (UNPUBLISHED);2006;R;1;RACE IAT;1;16;CONFEDERATE RATING OF POSITIVE FEELING;MICROBEHAVIOR;1;2;ICC;2;33;0,25;PAPER
CARNEY (UNPUBLISHED);2006;R;1;RACE IAT;1;17;FACS CODING-ANGER;MICROBEHAVIOR;1;2;ICC;2;33;-0,05;PAPER
CARNEY (UNPUBLISHED);2006;R;1;RACE IAT;1;18;FACS CODING-DISGUST;MICROBEHAVIOR;1;2;ICC;2;33;-0,01;PAPER
CARNEY (UNPUBLISHED);2006;R;1;RACE IAT;1;19;FACS CODING-FEARFUL;MICROBEHAVIOR;1;2;ICC;2;33;0,06;PAPER
CARNEY (UNPUBLISHED);2006;R;1;RACE IAT;1;20;FACS CODING-HAPPY;MICROBEHAVIOR;1;2;ICC;2;33;0,08;PAPER
CARNEY (UNPUBLISHED);2006;R;1;RACE IAT;1;21;FACS CODING-SAD;MICROBEHAVIOR;1;2;ICC;2;33;-0,38;PAPER
CARNEY (UNPUBLISHED);2006;R;1;RACE IAT;1;22;FACS CODING-SURPRISE;MICROBEHAVIOR;1;2;ICC;2;33;0,02;PAPER
CARNEY ET AL. (UNPUBLISHED);2006;R;1;COMPOSITE RACE IAT (SELF/OTHER, WARM/COLD WITH BLACK AND WHITE FACES);1;1;FACIAL EMG (SMILING);MICROBEHAVIOR;1;2;ICC;1;21;0,41;PAPER
CARNEY ET AL. (UNPUBLISHED);2006;R;1;COMPOSITE RACE IAT (SELF/OTHER, WARM/COLD WITH BLACK AND WHITE FACES);1;1;FACIAL EMG (SMILING);MICROBEHAVIOR;1;2;ICC;2;21;0,11;E-MAIL
CUNNINGHAM ET AL.;2004;R;1;RACE IAT;1;1;FMRI - AMYGDALA @ 30 MS;BRAIN ACTIVITY;1;2;ICC;2;13;0,79;ARTICLE
FLORACK ET AL. ;2001;E;1;TURK/GERMAN (ATTITUDE);1;1;ATTRIBUTION OF GUILT;PERSON PERCEPTION;1;TURKISH;ICC;1;20;0,58;EMAIL
FLORACK ET AL. ;2001;E;1;TURK/GERMAN (ATTITUDE);1;1;ATTRIBUTION OF GUILT;PERSON PERCEPTION;1;TURKISH;ICC;2;26;-0,21;EMAIL
FLORACK ET AL. ;2001;E;1;TURK/GERMAN (ATTITUDE);1;1;ATTRIBUTION OF GUILT;PERSON PERCEPTION;1;TURKISH;ICC;3;21;0,17;EMAIL
FLORACK ET AL. ;2001;E;1;TURK/GERMAN (ATTITUDE);1;2;PERSONALITY JUDGMENT;PERSON PERCEPTION;1;TURKISH;ICC;1;20;0,12;ARTICLE
FLORACK ET AL. ;2001;E;1;TURK/GERMAN (ATTITUDE);1;2;PERSONALITY JUDGMENT;PERSON PERCEPTION;1;TURKISH;ICC;2;26;0,04;ARTICLE
FLORACK ET AL. ;2001;E;1;TURK/GERMAN (ATTITUDE);1;2;PERSONALITY JUDGMENT;PERSON PERCEPTION;1;TURKISH;ICC;3;21;0,33;ARTICLE
GAWRONSKI ET AL.;2003;E;1;TURK/GERMAN (ATTITUDE);1;1;BEHAVIOR EVALUATION;PERSON PERCEPTION;0;TURKISH;ICC;1;35;0,24;EMAIL
GAWRONSKI ET AL.;2003;E;1;TURK/GERMAN (ATTITUDE);1;2;DISPOSITION;PERSON PERCEPTION;0;TURKISH;ICC;1;35;0,117;EMAIL
GAWRONSKI ET AL.;2003;E;1;TURK/GERMAN (ATTITUDE);1;1;BEHAVIOR EVALUATION;PERSON PERCEPTION;0;GERMAN;ICC;2;34;0,32;EMAIL
GAWRONSKI ET AL.;2003;E;1;TURK/GERMAN (ATTITUDE);1;2;DISPOSITION;PERSON PERCEPTION;0;GERMAN;ICC;2;34;0,321;EMAIL
GLASER & KNOWLES;2008;R;1;RACE-WEAPONS IAT;2;1;SHOOTER BIAS;RESPONSE TIME;1;2;ICC;1;48;0,46;EMAIL
GLASER & KNOWLES;2008;R;4;RACE IAT;1;1;SHOOTER BIAS;RESPONSE TIME;1;2;ICC;1;48;0,1;EMAIL
GREEN ET AL. ;2007;R;1;RACE IAT;1;1;TREATMENT;PERSON PERCEPTION;0;0;ICC;1;109;0,153;EMAIL
GREEN ET AL. ;2007;R;1;RACE IAT;1;1;TREATMENT;PERSON PERCEPTION;0;1;ICC;2;101;0,217;EMAIL
GREEN ET AL. ;2007;R;2;RACE COOPERATIVENESS;2;1;TREATMENT;PERSON PERCEPTION;0;0;ICC;1;109;0,094;EMAIL
GREEN ET AL. ;2007;R;3;RACE MEDICAL COOPERATIVE;2;1;TREATMENT;PERSON PERCEPTION;0;0;ICC;1;109;0,082;EMAIL
GREEN ET AL. ;2007;R;2;RACE COOPERATIVENESS;2;1;TREATMENT;PERSON PERCEPTION;0;1;ICC;2;100;-0,017;EMAIL
GREEN ET AL. ;2007;R;3;RACE MEDICAL COOPERATIVE;2;1;TREATMENT;PERSON PERCEPTION;0;1;ICC;2;102;0,12;EMAIL
GREENWALD ET AL.;2009;R;1;BRIEF RACE IAT;1;1;INTENTION TO VOTE FOR MCCAIN OR OBAMA;POLICY PREFERENCE;2;2;ICC;1;1057;0,17;ARTICLE
HE ET AL.;2009;R;1;RACE IAT;1;1;P100 ERP AMPLITUDE DIFFERENCES OBSERVING WHITE VERSUS BLACK FACE;BRAIN ACTIVITY;1;2;ICC;1;20;0,14;ARTICLE
HE ET AL.;2009;R;1;RACE IAT;1;2;N170 ERP AMPLITUDE DIFFERENCES OBSERVING WHITE VERSUS BLACK FACE;BRAIN ACTIVITY;1;2;ICC;1;20;0,27;ARTICLE
HE ET AL.;2009;R;1;RACE IAT;1;3;P200 ERP AMPLITUDE DIFFERENCES OBSERVING WHITE VERSUS BLACK FACE;BRAIN ACTIVITY;1;2;ICC;1;20;0,5;ARTICLE
HE ET AL.;2009;R;1;RACE IAT;1;4;N200 ERP AMPLITUDE DIFFERENCES OBSERVING WHITE VERSUS BLACK FACE;BRAIN ACTIVITY;1;2;ICC;1;20;0,52;ARTICLE
HE ET AL.;2009;R;1;RACE IAT;1;5;LPC ERP AMPLITUDE DIFFERENCES OBSERVING WHITE VERSUS BLACK FACE;BRAIN ACTIVITY;1;2;ICC;1;20;0,34;ARTICLE
HE ET AL.;2009;E;2;ASIAN-WHITE IAT;1;1;P100 ERP AMPLITUDE DIFFERENCES OBSERVING WHITE VERSUS BLACK FACE;BRAIN ACTIVITY;1;WHITE-ASIAN COMPARISON;ICC;1;20;0,11;ARTICLE
HE ET AL.;2009;E;2;ASIAN-WHITE IAT;1;2;N170 ERP AMPLITUDE DIFFERENCES OBSERVING WHITE VERSUS BLACK FACE;BRAIN ACTIVITY;1;WHITE-ASIAN COMPARISON;ICC;1;20;0,28;ARTICLE
HE ET AL.;2009;E;2;ASIAN-WHITE IAT;1;3;P200 ERP AMPLITUDE DIFFERENCES OBSERVING WHITE VERSUS BLACK FACE;BRAIN ACTIVITY;1;WHITE-ASIAN COMPARISON;ICC;1;20;-0,09;ARTICLE
HE ET AL.;2009;E;2;ASIAN-WHITE IAT;1;4;N200 ERP AMPLITUDE DIFFERENCES OBSERVING WHITE VERSUS BLACK FACE;BRAIN ACTIVITY;1;WHITE-ASIAN COMPARISON;ICC;1;20;0,007;ARTICLE
HE ET AL.;2009;E;2;ASIAN-WHITE IAT;1;5;LPC ERP AMPLITUDE DIFFERENCES OBSERVING WHITE VERSUS BLACK FACE;BRAIN ACTIVITY;1;WHITE-ASIAN COMPARISON;ICC;1;20;-0,19;ARTICLE
HE ET AL.;2009;E;2;ASIAN-WHITE IAT;1;6;"""OTHER""/500 MS";BRAIN ACTIVITY;1;WHITE-ASIAN COMPARISON;ICC;1;20;0,56;ARTICLE
HEIDER & SKOWRONSKI;2007;R;1;RACE IAT;1;1;COOPERATION IN PRISONER'S DILEMMA GAME;INTERPERSONAL BEHAVIOR;1;2;ICC;1;140;0,03;DATA
HEIDER & SKOWRONSKI;2007;R;1;RACE IAT;1;1;VERBAL FRIENDLINESS;MICROBEHAVIOR;1;2;ICC;2;55;0,02;DATA
HEIDER & SKOWRONSKI;2007;R;1;RACE IAT;1;2;NONVERBAL FRIENDLINESS;MICROBEHAVIOR;1;2;ICC;2;55;0,16;DATA
HEIDER & SKOWRONSKI;2007;R;1;RACE IAT;1;1;COOPERATION IN PRISONER'S DILEMMA GAME;INTERPERSONAL BEHAVIOR;0;0;ICC;1;140;-0,18;DATA
HEIDER & SKOWRONSKI;2007;R;1;RACE IAT;1;1;COOPERATION IN PRISONER'S DILEMMA GAME;INTERPERSONAL BEHAVIOR;0;1;ICC;1;140;0,21;DATA
HEIDER & SKOWRONSKI;2007;R;1;RACE IAT;1;1;VERBAL FRIENDLINESS  ;MICROBEHAVIOR;0;0;ICC;2;55;0,01;DATA
HEIDER & SKOWRONSKI;2007;R;1;RACE IAT;1;1;VERBAL FRIENDLINESS;MICROBEHAVIOR;0;1;ICC;2;55;0,01;DATA
HEIDER & SKOWRONSKI;2007;R;1;RACE IAT;1;2;NONVERBAL FRIENDLINESS  ;MICROBEHAVIOR;0;0;ICC;2;55;0,27;DATA
HEIDER & SKOWRONSKI;2007;R;1;RACE IAT;1;2;NONVERBAL FRIENDLINESS;MICROBEHAVIOR;0;1;ICC;2;55;-0,08;DATA
HOFMANN ET AL.;2008;R;1;RACE IAT (AFRICAN VS. ITALIAN);1;1;EYE CONTACT ;MICROBEHAVIOR;1;COMPARISON WAS ITALIAN (EURO-AMER) CONFEDERATE TO AFRICAN CONFEDERATE;ICC;1;85;0,173;EMAIL
HOFMANN ET AL.;2008;R;1;RACE IAT (AFRICAN VS. ITALIAN);1;2;HAND/ARM MOVEMENT ;MICROBEHAVIOR;1;COMPARISON WAS ITALIAN (EURO-AMER) CONFEDERATE TO AFRICAN CONFEDERATE;ICC;1;85;0,317;EMAIL
HOFMANN ET AL.;2008;R;1;RACE IAT (AFRICAN VS. ITALIAN);1;3;BODY MOVEMENT (E.G., TOUCHES SELF);MICROBEHAVIOR;1;COMPARISON WAS ITALIAN (EURO-AMER) CONFEDERATE TO AFRICAN CONFEDERATE;ICC;1;86;-0,019;EMAIL
HOFMANN ET AL.;2008;R;1;RACE IAT (AFRICAN VS. ITALIAN);1;4;GLOBAL RATING ;MICROBEHAVIOR;1;COMPARISON WAS ITALIAN (EURO-AMER) CONFEDERATE TO AFRICAN CONFEDERATE;ICC;1;85;0,013;EMAIL
HOFMANN ET AL.;2008;R;1;RACE IAT (AFRICAN VS. ITALIAN);1;1;EYE CONTACT;MICROBEHAVIOR;1;COMPARISON WAS ITALIAN (EURO-AMER) CONFEDERATE TO AFRICAN CONFEDERATE;ICC;2;85;-0,045;EMAIL
HOFMANN ET AL.;2008;R;1;RACE IAT (AFRICAN VS. ITALIAN);1;2;HAND/ARM MOVEMENT ;MICROBEHAVIOR;1;COMPARISON WAS ITALIAN (EURO-AMER) CONFEDERATE TO AFRICAN CONFEDERATE;ICC;2;84;-0,086;EMAIL
HOFMANN ET AL.;2008;R;1;RACE IAT (AFRICAN VS. ITALIAN);1;3;BODY MOVEMENT (E.G., TOUCHES SELF);MICROBEHAVIOR;1;COMPARISON WAS ITALIAN (EURO-AMER) CONFEDERATE TO AFRICAN CONFEDERATE;ICC;2;84;0,126;EMAIL
HOFMANN ET AL.;2008;R;1;RACE IAT (AFRICAN VS. ITALIAN);1;4;GLOBAL RATING ;MICROBEHAVIOR;1;COMPARISON WAS ITALIAN (EURO-AMER) CONFEDERATE TO AFRICAN CONFEDERATE;ICC;2;84;0,133;EMAIL
HOFMANN ET AL.;2008;E;2;GERMAN/TURK IAT (ATTITUDE);1;1;EYE CONTACT ;MICROBEHAVIOR;1;TURKISH;ICC;1;76;0,322;EMAIL
HOFMANN ET AL.;2008;E;2;GERMAN/TURK IAT (ATTITUDE);1;2;HAND/ARM MOVEMENT ;MICROBEHAVIOR;1;TURKISH;ICC;1;76;0,312;EMAIL
HOFMANN ET AL.;2008;E;2;GERMAN/TURK IAT (ATTITUDE);1;3;BODY MOVEMENT (E.G., TOUCHES SELF) ;MICROBEHAVIOR;1;TURKISH;ICC;1;76;0,361;EMAIL
HOFMANN ET AL.;2008;E;2;GERMAN/TURK IAT (ATTITUDE);1;1;EYE CONTACT ;MICROBEHAVIOR;1;TURKISH;ICC;2;77;-0,073;EMAIL
HOFMANN ET AL.;2008;E;2;GERMAN/TURK IAT (ATTITUDE);1;2;HAND/ARM MOVEMENT ;MICROBEHAVIOR;1;TURKISH;ICC;2;77;-0,063;EMAIL
HOFMANN ET AL.;2008;E;2;GERMAN/TURK IAT (ATTITUDE);1;3;BODY MOVEMENT (E.G., TOUCHES SELF);MICROBEHAVIOR;1;TURKISH;ICC;2;77;-0,146;EMAIL
HOFMANN ET AL.;2008;E;2;GERMAN/TURK IAT (ATTITUDE);1;4;GLOBAL RATING ;MICROBEHAVIOR;1;TURKISH;ICC;1;76;0,059;EMAIL
HOFMANN ET AL.;2008;E;2;GERMAN/TURK IAT (ATTITUDE);1;4;GLOBAL RATING ;MICROBEHAVIOR;1;TURKISH;ICC;2;77;0,135;EMAIL
HUGENBERG & BODENHAUSEN;2003;R;1;RACE IAT;1;1;HOSTILITY OFFSET;PERSON PERCEPTION;0;0;ICC;1;24;-0,095;EMAIL
HUGENBERG & BODENHAUSEN;2003;R;1;RACE IAT;1;1;HOSTILITY ONSET;PERSON PERCEPTION;0;0;ICC;2;24;-0,192;EMAIL
HUGENBERG & BODENHAUSEN;2003;R;1;RACE IAT;1;1;HOSTILITY OFFSET;PERSON PERCEPTION;0;1;ICC;1;24;0,46;EMAIL
HUGENBERG & BODENHAUSEN;2003;R;1;RACE IAT;1;1;HOSTILITY ONSET;PERSON PERCEPTION;0;1;ICC;2;24;0,424;EMAIL
HUGENBERG & BODENHAUSEN;2004;R;1;RACE IAT;1;1;CATEGORIZE ANGRY AS BLACK VS. WHITE ;PERSON PERCEPTION;2;2;ICC;1;20;0,345;EMAIL
HUGENBERG & BODENHAUSEN;2004;R;1;RACE IAT;1;1;CATEGORIZE HAPPY AS BLACK VS. WHITE ;PERSON PERCEPTION;2;2;ICC;1;20;-0,106;EMAIL
HUGENBERG & BODENHAUSEN;2004;R;1;RACE IAT;1;1;CATEGORIZE ANGRY AS BLACK VS. WHITE ;PERSON PERCEPTION;2;2;ICC;2;57;0,163;EMAIL
HUGENBERG & BODENHAUSEN;2004;R;1;RACE IAT;1;1;CATEGORIZE HAPPY AS BLACK VS. WHITE;PERSON PERCEPTION;2;2;ICC;2;57;0,038;EMAIL
HUGHES & BIGLER;2011;R;1;RACE IAT (CHILDREN'S);1;1;POLICY RATING (AFFIRMATIVE ACTION);POLICY PREFERENCE;0;1;ICC;1;98;-0,032;EMAIL
HUGHES & BIGLER;2011;R;1;RACE IAT (CHILDREN'S);1;2;POLICY RATIONALE (AFFIRMATIVE ACTION);POLICY PREFERENCE;0;1;ICC;1;98;-0,025;EMAIL
HUGHES & BIGLER;2011;R;1;RACE IAT (CHILDREN'S);1;1;POLICY RATING (SCHOOL DESEGREGATION);POLICY PREFERENCE;0;1;ICC;2;107;0,078;EMAIL
HUGHES & BIGLER;2011;R;1;RACE IAT (CHILDREN'S);1;2;POLICY RATIONAL (SCHOOL DESEGREGATION);POLICY PREFERENCE;0;1;ICC;2;107;0,045;EMAIL
KANG ET AL.;2010;E;1;ASIAN/WHITE IAT (ATTITUDE);1;1;ELOQUENCE;PERSON PERCEPTION;1;WHITE MINUS ASIAN;ICC;1;68;0,001;EMAIL
KANG ET AL.;2010;E;1;ASIAN/WHITE IAT (ATTITUDE);1;2;SMART;PERSON PERCEPTION;1;WHITE MINUS ASIAN;ICC;1;68;0,068;EMAIL
KANG ET AL.;2010;E;1;ASIAN/WHITE IAT (ATTITUDE);1;3;ASSERTIVE;PERSON PERCEPTION;1;WHITE MINUS ASIAN;ICC;1;68;-0,121;EMAIL
KANG ET AL.;2010;E;1;ASIAN/WHITE IAT (ATTITUDE);1;4;PERSUASIVE;PERSON PERCEPTION;1;WHITE MINUS ASIAN;ICC;1;68;-0,157;EMAIL
KANG ET AL.;2010;E;1;ASIAN/WHITE IAT (ATTITUDE);1;5;EFFECTIVE;PERSON PERCEPTION;1;WHITE MINUS ASIAN;ICC;1;68;-0,091;EMAIL
KANG ET AL.;2010;E;1;ASIAN/WHITE IAT (ATTITUDE);1;6;FRIENDLY;PERSON PERCEPTION;1;WHITE MINUS ASIAN;ICC;1;68;0,27;EMAIL
KANG ET AL.;2010;E;1;ASIAN/WHITE IAT (ATTITUDE);1;7;HONEST & TRUSTWORTHY;PERSON PERCEPTION;1;WHITE MINUS ASIAN;ICC;1;68;0,102;EMAIL
KANG ET AL.;2010;E;1;ASIAN/WHITE IAT (ATTITUDE);1;8;EASY TO TALK TO;PERSON PERCEPTION;1;WHITE MINUS ASIAN;ICC;1;68;0,232;EMAIL
KANG ET AL.;2010;E;1;ASIAN/WHITE IAT (ATTITUDE);1;9;WITTY & HUMOROUS;PERSON PERCEPTION;1;WHITE MINUS ASIAN;ICC;1;68;0,079;EMAIL
KANG ET AL.;2010;E;1;ASIAN/WHITE IAT (ATTITUDE);1;10;COURTEOUS & PROFESSIONAL;PERSON PERCEPTION;1;WHITE MINUS ASIAN;ICC;1;68;0,079;EMAIL
KANG ET AL.;2010;E;1;ASIAN/WHITE IAT (ATTITUDE);1;11;HOW MUCH IN COMMON;PERSON PERCEPTION;1;WHITE MINUS ASIAN;ICC;1;68;0,118;EMAIL
KANG ET AL.;2010;E;1;ASIAN/WHITE IAT (ATTITUDE);1;12;LIKING;PERSON PERCEPTION;1;WHITE MINUS ASIAN;ICC;1;68;0,09;EMAIL
KANG ET AL.;2010;E;1;ASIAN/WHITE IAT (ATTITUDE);1;13;LIKELY TO HIRE;PERSON PERCEPTION;1;WHITE MINUS ASIAN;ICC;1;68;-0,091;EMAIL
KANG ET AL.;2010;E;1;ASIAN/WHITE IAT (ATTITUDE);1;14;LIKELY TO RECOMMEND;PERSON PERCEPTION;1;WHITE MINUS ASIAN;ICC;1;68;-0,043;EMAIL
KANG ET AL.;2010;E;2;ASIAN/WHITE STEREOTYPES IAT;2;1;ELOQUENCE;PERSON PERCEPTION;1;WHITE MINUS ASIAN;ICC;1;68;0,227;EMAIL
KANG ET AL.;2010;E;2;ASIAN/WHITE STEREOTYPES IAT;2;2;SMART;PERSON PERCEPTION;1;WHITE MINUS ASIAN;ICC;1;68;0,398;EMAIL
KANG ET AL.;2010;E;2;ASIAN/WHITE STEREOTYPES IAT;2;3;ASSERTIVE;PERSON PERCEPTION;1;WHITE MINUS ASIAN;ICC;1;68;0,196;EMAIL
KANG ET AL.;2010;E;2;ASIAN/WHITE STEREOTYPES IAT;2;4;PERSUASIVE;PERSON PERCEPTION;1;WHITE MINUS ASIAN;ICC;1;68;0,145;EMAIL
KANG ET AL.;2010;E;2;ASIAN/WHITE STEREOTYPES IAT;2;5;EFFECTIVE;PERSON PERCEPTION;1;WHITE MINUS ASIAN;ICC;1;68;0,298;EMAIL
KANG ET AL.;2010;E;2;ASIAN/WHITE STEREOTYPES IAT;2;6;FRIENDLY;PERSON PERCEPTION;1;WHITE MINUS ASIAN;ICC;1;68;0,137;EMAIL
KANG ET AL.;2010;E;2;ASIAN/WHITE STEREOTYPES IAT;2;7;HONEST & TRUSTWORTHY;PERSON PERCEPTION;1;WHITE MINUS ASIAN;ICC;1;68;0,195;EMAIL
KANG ET AL.;2010;E;2;ASIAN/WHITE STEREOTYPES IAT;2;8;EASY TO TALK TO;PERSON PERCEPTION;1;WHITE MINUS ASIAN;ICC;1;68;0,204;EMAIL
KANG ET AL.;2010;E;2;ASIAN/WHITE STEREOTYPES IAT;2;9;WITTY & HUMOROUS;PERSON PERCEPTION;1;WHITE MINUS ASIAN;ICC;1;68;0,364;EMAIL
KANG ET AL.;2010;E;2;ASIAN/WHITE STEREOTYPES IAT;2;10;COURTEOUS & PROFESSIONAL;PERSON PERCEPTION;1;WHITE MINUS ASIAN;ICC;1;68;0,364;EMAIL
KANG ET AL.;2010;E;2;ASIAN/WHITE STEREOTYPES IAT;2;11;HOW MUCH IN COMMON;PERSON PERCEPTION;1;WHITE MINUS ASIAN;ICC;1;68;0,328;EMAIL
KANG ET AL.;2010;E;2;ASIAN/WHITE STEREOTYPES IAT;2;12;LIKING;PERSON PERCEPTION;1;WHITE MINUS ASIAN;ICC;1;68;0,258;EMAIL
KANG ET AL.;2010;E;2;ASIAN/WHITE STEREOTYPES IAT;2;13;LIKELY TO HIRE;PERSON PERCEPTION;1;WHITE MINUS ASIAN;ICC;1;68;0,334;EMAIL
KANG ET AL.;2010;E;2;ASIAN/WHITE STEREOTYPES IAT;2;14;LIKELY TO RECOMMEND;PERSON PERCEPTION;1;WHITE MINUS ASIAN;ICC;1;68;0,329;EMAIL
KORN ET AL.;2012;R;1;RACE IAT;1;2;FMRI LEFT SUPERIOR FRONTAL GYRUS;BRAIN ACTIVITY;1;2;ICC;1;19;-0,73;ARTICLE
KORN ET AL.;2012;R;1;RACE IAT;1;3;FMRI RIGHT MEDIAL FRONTAL GYRUS;BRAIN ACTIVITY;1;2;ICC;1;19;-0,77;ARTICLE
KORN ET AL.;2012;R;1;RACE IAT;1;1;JURY VERDICT;PERSON PERCEPTION;2;2;ICC;1;19;0,1;ARTICLE
KORN ET AL.;2012;R;1;RACE IAT;1;1;JURY VERDICT - PILOT STUDY NOTE 1 ;PERSON PERCEPTION;2;2;ICC;2;29;-0,01;ARTICLE
LEVINSON ET AL.;2010;R;1;RACE IAT;1;1;CUMUATIVE EVIDENCE RATING;PERSON PERCEPTION;0;1;ICC;1;31;0,582;EMAIL
LEVINSON ET AL.;2010;R;1;RACE IAT;1;2;VERDICT;PERSON PERCEPTION;0;1;ICC;1;31;0,29;EMAIL
LEVINSON ET AL.;2010;R;1;RACE IAT;1;3;GUILT RATING;PERSON PERCEPTION;0;1;ICC;1;30;0,221;EMAIL
LEVINSON ET AL.;2010;R;1;RACE IAT;1;1;CUMUATIVE EVIDENCE RATING;PERSON PERCEPTION;0;0;ICC;2;35;-0,093;EMAIL
LEVINSON ET AL.;2010;R;1;RACE IAT;1;2;VERDICT;PERSON PERCEPTION;0;0;ICC;2;35;-0,016;EMAIL
LEVINSON ET AL.;2010;R;1;RACE IAT;1;3;GUILT RATING;PERSON PERCEPTION;0;0;ICC;2;33;-0,03;EMAIL
LIVINGSTON (UNPUBLISHED);2002;E;1;HISPANIC/WHITE (ATTITUDE);1;1;SENTENCING OF HISPANIC TARGET;PERSON PERCEPTION;0;HISPANIC;ICC;1;34;0,37;PAPER
LIVINGSTON (UNPUBLISHED);2002;E;1;HISPANIC/WHITE (ATTITUDE);1;1;SENTENCING OF WHITE TARGET;PERSON PERCEPTION;0;0;ICC;2;34;0,19;PAPER
LIVINGSTON (UNPUBLISHED);2002;E;1;HISPANIC/WHITE (ATTITUDE);1;1;SENTENCING OF HISPANIC TARGET;PERSON PERCEPTION;0;HISPANIC ;ICC;1;32;0,04;PAPER
LIVINGSTON (UNPUBLISHED);2002;R;1;RACE IAT;1;1;SENTENCING OF BLACK TARGET;PERSON PERCEPTION;0;1;ICC;2;31;0,43;PAPER
LIVINGSTON (UNPUBLISHED);2002;R;1;RACE IAT;1;1;SENTENCING OF WHITE TARGET;PERSON PERCEPTION;0;0;ICC;3;23;0,03;PAPER
MA-KELLUMS ET AL. ;2010;E;1;COGNITIVE IN-/OUT-GROUP IAT (STEREOTYPE);2;1;ATTRIBUTIONAL BIAS ;PERSON PERCEPTION;1;CHINESE/EUROPEAN-AMERICANS/LATINOS;ICC;1;291;0,068;ARTICLE
MA-KELLUMS ET AL. ;2010;E;2;AFFECTIVE IN-/OUT-GROUP IAT (ATTITUDE);1;1;ATTRIBUTIONAL BIAS ;PERSON PERCEPTION;1;CHINESE/EUROPEAN-AMERICANS/LATINOS;ICC;1;291;0,035;ARTICLE
MA-KELLUMS ET AL. ;2010;E;1;COGNITIVE IN-/OUT-GROUP IAT (STEREOTYPE);2;1;ATTRIBUTIONAL BIAS ;PERSON PERCEPTION;1;EUROPEAN-AMERICAN VS. CHINESE;ICC;2;40;-0,386;EMAIL
MA-KELLUMS ET AL. ;2010;E;1;COGNITIVE IN-/OUT-GROUP IAT (STEREOTYPE);2;1;ATTRIBUTIONAL BIAS ;PERSON PERCEPTION;1;CHINESE VS. EUROPEAN-AMERICAN;ICC;3;55;0,095;EMAIL
MANER ET AL.;2005;E;1;ARAB VS. AMERICAN THREAT (ATTITUDE);1;1;ANGER OF ARAB MEN;PERSON PERCEPTION;0;ARAB;ICC;1;51;-0,356;DATA
MANER ET AL.;2005;E;1;ARAB VS. AMERICAN THREAT (ATTITUDE);1;2;ANGER OF ARAB WOMEN;PERSON PERCEPTION;0;ARAB;ICC;1;51;-0,387;DATA
MANER ET AL.;2005;E;1;ARAB VS. AMERICAN THREAT (ATTITUDE);1;1;ANGER OF ARAB MEN;PERSON PERCEPTION;0;ARAB;ICC;2;51;0,116;DATA
MANER ET AL.;2005;E;1;ARAB VS. AMERICAN THREAT (ATTITUDE);1;2;ANGER OF ARAB WOMEN;PERSON PERCEPTION;0;ARAB;ICC;2;51;0,112;DATA
MANER ET AL.;2005;E;1;ARAB VS. AMERICAN THREAT (ATTITUDE);1;3;ANGER OF WHITE/AMERICAN MEN;PERSON PERCEPTION;0;AMERICAN;ICC;1;51;0,035;DATA
MANER ET AL.;2005;E;1;ARAB VS. AMERICAN THREAT (ATTITUDE);1;4;ANGER OF WHITE/AMERICAN WOMEN;PERSON PERCEPTION;0;AMERICAN;ICC;1;51;-0,087;DATA
MANER ET AL.;2005;E;1;ARAB VS. AMERICAN THREAT (ATTITUDE);1;3;ANGER OF WHITE/AMERICAN MEN;PERSON PERCEPTION;0;AMERICAN;ICC;2;51;0,042;DATA
MANER ET AL.;2005;E;1;ARAB VS. AMERICAN THREAT (ATTITUDE);1;4;ANGER OF WHITE/AMERICAN WOMEN;PERSON PERCEPTION;0;AMERICAN;ICC;2;51;0,116;DATA
MANER ET AL.;2005;E;1;ARAB VS. AMERICAN THREAT (ATTITUDE);1;5;HAPPINESS OF ARAB MEN;PERSON PERCEPTION;0;ARAB;ICC;1;51;-0,12;DATA
MANER ET AL.;2005;E;1;ARAB VS. AMERICAN THREAT (ATTITUDE);1;6;HAPPINESS OF ARAB WOMEN;PERSON PERCEPTION;0;ARAB;ICC;1;51;-0,039;DATA
MANER ET AL.;2005;E;1;ARAB VS. AMERICAN THREAT (ATTITUDE);1;5;HAPPINESS OF ARAB MEN;PERSON PERCEPTION;0;ARAB;ICC;2;51;0,061;DATA
MANER ET AL.;2005;E;1;ARAB VS. AMERICAN THREAT (ATTITUDE);1;6;HAPPINESS OF ARAB WOMEN;PERSON PERCEPTION;0;ARAB;ICC;2;51;0,035;DATA
MANER ET AL.;2005;E;1;ARAB VS. AMERICAN THREAT (ATTITUDE);1;7;HAPPINESS OF WHITE/AMERICAN MEN;PERSON PERCEPTION;0;AMERICAN;ICC;1;51;0,151;DATA
MANER ET AL.;2005;E;1;ARAB VS. AMERICAN THREAT (ATTITUDE);1;8;HAPPINESS OF WHITE/AMERICAN WOMEN;PERSON PERCEPTION;0;AMERICAN;ICC;1;51;0,117;DATA
MANER ET AL.;2005;E;1;ARAB VS. AMERICAN THREAT (ATTITUDE);1;7;HAPPINESS OF WHITE/AMERICAN MEN;PERSON PERCEPTION;0;AMERICAN;ICC;2;51;-0,168;DATA
MANER ET AL.;2005;E;1;ARAB VS. AMERICAN THREAT (ATTITUDE);1;8;HAPPINESS OF WHITE/AMERICAN WOMEN;PERSON PERCEPTION;0;AMERICAN;ICC;2;51;0,179;DATA
MCCONNELL & LEIBOLD;2001;R;1;RACE IAT;1;1;SPEAKING TIME;MICROBEHAVIOR;1;2;ICC;1;41;0,51;ARTICLE
MCCONNELL & LEIBOLD;2001;R;1;RACE IAT;1;2;SMILING;MICROBEHAVIOR;1;2;ICC;1;41;0,39;ARTICLE
MCCONNELL & LEIBOLD;2001;R;1;RACE IAT;1;3;SPEECH ERRORS;MICROBEHAVIOR;1;2;ICC;1;41;0,42;ARTICLE
MCCONNELL & LEIBOLD;2001;R;1;RACE IAT;1;4;SPEECH HESITATION;MICROBEHAVIOR;1;2;ICC;1;41;0,35;ARTICLE
MCCONNELL & LEIBOLD;2001;R;1;RACE IAT;1;5;SOCIAL COMMENTS;MICROBEHAVIOR;1;2;ICC;1;41;0,32;ARTICLE
MCCONNELL & LEIBOLD;2001;R;1;RACE IAT;1;6;FORWARD LEANING;MICROBEHAVIOR;1;2;ICC;1;41;-0,26;ARTICLE
MCCONNELL & LEIBOLD;2001;R;1;RACE IAT;1;7;FACING EXPERIMENTER;MICROBEHAVIOR;1;2;ICC;1;41;-0,03;ARTICLE
MCCONNELL & LEIBOLD;2001;R;1;RACE IAT;1;8;BODY OPENNESS;MICROBEHAVIOR;1;2;ICC;1;41;0,17;ARTICLE
MCCONNELL & LEIBOLD;2001;R;1;RACE IAT;1;9;EXPRESSIVENESS;MICROBEHAVIOR;1;2;ICC;1;41;0,09;ARTICLE
MCCONNELL & LEIBOLD;2001;R;1;RACE IAT;1;10;EYE CONTACT;MICROBEHAVIOR;1;2;ICC;1;41;0,25;ARTICLE
MCCONNELL & LEIBOLD;2001;R;1;RACE IAT;1;11;SEATING DISTANCE;MICROBEHAVIOR;1;2;ICC;1;41;0,26;ARTICLE
MCCONNELL & LEIBOLD;2001;R;1;RACE IAT;1;12;FIDGETING;MICROBEHAVIOR;1;2;ICC;1;41;-0,06;ARTICLE
MCCONNELL & LEIBOLD;2001;R;1;RACE IAT;1;13;LAUGHTER AT JOKE;MICROBEHAVIOR;1;2;ICC;1;41;0,19;ARTICLE
MCCONNELL & LEIBOLD;2001;R;1;RACE IAT;1;14;EXPERIMENTER'S RATINGS OF INTERACTION;MICROBEHAVIOR;1;2;ICC;1;41;0,39;ARTICLE
MCCONNELL & LEIBOLD;2001;R;1;RACE IAT;1;15;JUDGES' RATINGS OF INTERACTION (MOLAR);MICROBEHAVIOR;1;2;ICC;1;41;0,34;ARTICLE
PÉREZ;2010;E;1;LATINO IMMIGRANT (ATTITUDE);1;1;POLICY SUPPORT;POLICY PREFERENCE;0;LATINO IMMIGRANT;ICC;1;333;0,17;EMAIL
PÉREZ;2010;E;1;LATINO IMMIGRANT (ATTITUDE);1;2;POLICY SUPPORT;POLICY PREFERENCE;0;LATINO IMMIGRANT;ICC;1;333;0,15;EMAIL
PÉREZ;2010;E;1;LATINO IMMIGRANT (ATTITUDE);1;3;POLICY SUPPORT;POLICY PREFERENCE;0;LATINO IMMIGRANT;ICC;1;333;0,13;EMAIL
PÉREZ;2010;E;1;LATINO IMMIGRANT (ATTITUDE);1;4;POLICY SUPPORT;POLICY PREFERENCE;0;LATINO IMMIGRANT;ICC;1;333;0,2;EMAIL
PÉREZ;2010;E;1;LATINO IMMIGRANT (ATTITUDE);1;5;POLICY SUPPORT;POLICY PREFERENCE;0;LATINO IMMIGRANT;ICC;1;333;0,17;EMAIL
PÉREZ;2010;E;1;LATINO IMMIGRANT (ATTITUDE);1;6;POLICY SUPPORT;POLICY PREFERENCE;0;LATINO IMMIGRANT;ICC;1;333;0,16;EMAIL
PERUGINI ET AL.;2007;E;1;CHINESE/AFRO-CARRIBEAN (ATTITUDE);1;1;GUILT JUDGMENT;PERSON PERCEPTION;0;AFRO-CARRIBBEAN;ICC;1;20;0,371;EMAIL
PERUGINI ET AL.;2007;E;1;CHINESE/AFRO-CARRIBEAN (ATTITUDE);1;1;GUILT JUDGMENT;PERSON PERCEPTION;0;AFRO-CARRIBBEAN;ICC;2;18;0,156;EMAIL
PHELPS ET AL.;2000;R;1;RACE IAT;1;1;FMRI - MAGNITUDE OF AMYGDALA ACTIVATION;BRAIN ACTIVITY;1;2;ICC;1;12;0,576;ARTICLE
PHELPS ET AL.;2000;R;1;RACE IAT;1;1;FMRI - NUMBER OF ACTIVE AMYGDALA PIXELS;BRAIN ACTIVITY;1;2;ICC;1;12;0,52;ARTICLE
PRESTWICH ET AL.;2008;E;1;ASIAN/WHITE (ATTITUDE);1;1;CONTACT QUANTITY;INTERPERSONAL BEHAVIOR;0;ASIAN;ICC;1;105;0,19;ARTICLE
PRESTWICH ET AL.;2008;E;1;ASIAN/WHITE (ATTITUDE);1;2;CONTACT QUALITY;MICROBEHAVIOR;0;ASIAN;ICC;1;105;0,08;ARTICLE
RACHLINSKI ET AL.;2009;R;1;RACE IAT;1;1;CASE DISPOSITION FOR HYPOTHETICAL SHOPLIFTING CRIME;PERSON PERCEPTION;0;1;ICC;2;63;0,1135;EMAIL
RACHLINSKI ET AL.;2009;R;1;RACE IAT;1;2;LIKELIHOOD OF COMMITTING SIMILAR CRIME IN FUTURE;PERSON PERCEPTION;0;1;ICC;2;63;-0,1542;EMAIL
RACHLINSKI ET AL.;2009;R;1;RACE IAT;1;3;LIKELIHOOD OF COMMITTING MORE SERIOUS CRIME IN FUTURE;PERSON PERCEPTION;0;1;ICC;2;63;-0,1961;EMAIL
RACHLINSKI ET AL.;2009;R;1;RACE IAT;1;4;CASE DISPOSITION FOR HYPOTHETICAL ROBBERY CRIME;PERSON PERCEPTION;0;1;ICC;2;63;0,0988;EMAIL
RACHLINSKI ET AL.;2009;R;1;RACE IAT;1;5;LIKELIHOOD OF COMMITTING SIMILAR CRIME IN FUTURE;PERSON PERCEPTION;0;1;ICC;2;63;-0,1624;EMAIL
RACHLINSKI ET AL.;2009;R;1;RACE IAT;1;6;LIKELIHOOD OF COMMITTING MORE SERIOUS CRIME IN FUTURE;PERSON PERCEPTION;0;1;ICC;2;63;-0,042;EMAIL
RACHLINSKI ET AL.;2009;R;1;RACE IAT;1;7;VERDICT IN HYPOTHETICAL ASSAULT CASE;PERSON PERCEPTION;0;0;ICC;2;70;0,0198;EMAIL
RACHLINSKI ET AL.;2009;R;1;RACE IAT;1;8;VERDICT-CONFIDENCE SCALE;PERSON PERCEPTION;0;0;ICC;2;70;0,0892;EMAIL
RACHLINSKI ET AL.;2009;R;1;RACE IAT;1;7;VERDICT IN HYPOTHETICAL ASSAULT CASE;PERSON PERCEPTION;0;1;ICC;2;63;0,1653;EMAIL
RACHLINSKI ET AL.;2009;R;1;RACE IAT;1;8;VERDICT-CONFIDENCE SCALE;PERSON PERCEPTION;0;1;ICC;2;63;0,1603;EMAIL
RICHESON & SHELTON;2003;R;1;RACE IAT;1;2;BEHAVIORAL INHIBITION;MICROBEHAVIOR;0;0;ICC;1;20;-0,25124;EMAIL
RICHESON & SHELTON;2003;R;1;RACE IAT;1;3;RESPONSE MODULATION;MICROBEHAVIOR;0;1;ICC;2;20;0,16731;EMAIL
RICHESON & SHELTON;2003;R;1;RACE IAT;1;2;BEHAVIORAL INHIBITION;MICROBEHAVIOR;0;1;ICC;1;20;0,41669;EMAIL
RICHESON & SHELTON;2003;R;1;RACE IAT;1;3;RESPONSE MODULATION;MICROBEHAVIOR;0;0;ICC;2;16;0,14685;EMAIL
RICHESON & SHELTON ;2003;R;1;RACE IAT;1;1;STROOP;RESPONSE TIME;0;1;ICC;2;21;0,5246;EMAIL
RICHESON & SHELTON ;2003;R;1;RACE IAT;1;1;STROOP;RESPONSE TIME;0;0;ICC;1;21;0,0574;EMAIL
RICHESON, BAIRD ET AL.;2003;R;1;RACE IAT;1;1;FMRI DLPFC;BRAIN ACTIVITY;0;0;ICC;1;15;0,22;ARTICLE
RICHESON, BAIRD ET AL.;2003;R;1;RACE IAT;1;2;FMRI ANTERIOR CINGULATE;BRAIN ACTIVITY;0;0;ICC;1;15;0,17;ARTICLE
RICHESON, BAIRD ET AL.;2003;R;1;RACE IAT;1;4;FMRI - RIGHT ACC;BRAIN ACTIVITY;0;0;ICC;2;15;-0,13;ARTICLE
RICHESON, BAIRD ET AL.;2003;R;1;RACE IAT;1;5;FMRI - MIDDLE FRONTAL GYRUS;BRAIN ACTIVITY;0;0;ICC;2;15;0,24;ARTICLE
RICHESON, BAIRD ET AL.;2003;R;1;RACE IAT;1;1;FMRI DLPFC;BRAIN ACTIVITY;0;1;ICC;1;15;0,53;ARTICLE
RICHESON, BAIRD ET AL.;2003;R;1;RACE IAT;1;2;FMRI ANTERIOR CINGULATE;BRAIN ACTIVITY;0;1;ICC;1;15;0,44;ARTICLE
RICHESON, BAIRD ET AL.;2003;R;1;RACE IAT;1;4;FMRI - RIGHT ACC;BRAIN ACTIVITY;0;1;ICC;2;15;0,7;ARTICLE
RICHESON, BAIRD ET AL.;2003;R;1;RACE IAT;1;5;FMRI - MIDDLE FRONTAL GYRUS;BRAIN ACTIVITY;0;1;ICC;2;15;0,5;ARTICLE
RICHESON, BAIRD ET AL.;2003;R;1;RACE IAT;1;3;STROOP;RESPONSE TIME;1;2;ICC;1;15;0,67;ARTICLE
RUDMAN & ASHMORE;2007;R;1;RACE IAT;1;1;VERBAL (PAST BEHAVIOR);INTERPERSONAL BEHAVIOR;0;1;ICC;1;64;0,41;ARTICLE
RUDMAN & ASHMORE;2007;R;1;RACE IAT;1;2;DEFENSIVE (PAST BEHAVIOR);INTERPERSONAL BEHAVIOR;0;1;ICC;1;64;0,15;ARTICLE
RUDMAN & ASHMORE;2007;R;1;RACE IAT;1;3;OFFENSIVE (PAST BEHAVIOR);INTERPERSONAL BEHAVIOR;0;1;ICC;1;64;0,12;ARTICLE
RUDMAN & ASHMORE;2007;R;2;STEREOTYPIC ATTRIBUTES;2;1;VERBAL (PAST BEHAVIOR);INTERPERSONAL BEHAVIOR;0;1;ICC;1;64;0,34;ARTICLE
RUDMAN & ASHMORE;2007;R;2;STEREOTYPIC ATTRIBUTES;2;2;DEFENSIVE (PAST BEHAVIOR);INTERPERSONAL BEHAVIOR;0;1;ICC;1;64;0,3;ARTICLE
RUDMAN & ASHMORE;2007;R;2;STEREOTYPIC ATTRIBUTES;2;3;OFFENSIVE (PAST BEHAVIOR);INTERPERSONAL BEHAVIOR;0;1;ICC;1;64;0,25;ARTICLE
RUDMAN & ASHMORE ;2007;R;1;RACE IAT;1;1;BUDGET CUTS;POLICY PREFERENCE;0;1;ICC;2;126;0,23;ARTICLE
RUDMAN & ASHMORE ;2007;R;2;STEREOTYPIC ATTRIBUTES;2;1;BUDGET CUTS;POLICY PREFERENCE;0;1;ICC;2;126;0,18;ARTICLE
RUDMAN & ASHMORE;2007;E;4;ASIAN-WHITE (ATTITUDE);1;1;BUDGET CUTS;POLICY PREFERENCE;0;ASIAN;ICC;3;89;0,25;ARTICLE
RUDMAN & ASHMORE;2007;E;5;ASIAN-WHITE (STEREOTYPE);2;1;BUDGET CUTS;POLICY PREFERENCE;0;ASIAN;ICC;3;89;0,3;ARTICLE
RUDMAN & LEE;2002;R;1;STEREOTYPIC ATTRIBUTES;2;1;RATING EXEMPLAR AS HOSTILE;PERSON PERCEPTION;0;1;ICC;1;20;0,48;ARTICLE
RUDMAN & LEE;2002;R;1;STEREOTYPIC ATTRIBUTES;2;2;RATING EXEMPLAR AS SEXIST;PERSON PERCEPTION;0;1;ICC;1;20;0,47;ARTICLE
RUDMAN & LEE;2002;R;1;STEREOTYPIC ATTRIBUTES;2;3;RATING EXEMPLAR AS INTELLIGENT  ;PERSON PERCEPTION;0;1;ICC;1;20;-0,21;ARTICLE
RUDMAN & LEE;2002;R;1;STEREOTYPIC ATTRIBUTES;2;1;RATING EXEMPLAR AS HOSTILE;PERSON PERCEPTION;0;1;ICC;2;18;0,16;ARTICLE
RUDMAN & LEE;2002;R;1;STEREOTYPIC ATTRIBUTES;2;2;RATING EXEMPLAR AS SEXIST;PERSON PERCEPTION;0;1;ICC;2;18;0,12;ARTICLE
RUDMAN & LEE;2002;R;1;STEREOTYPIC ATTRIBUTES;2;3;RATING EXEMPLAR AS INTELLIGENT  ;PERSON PERCEPTION;0;1;ICC;2;18;-0,27;ARTICLE
RUDMAN & LEE;2002;R;1;STEREOTYPIC ATTRIBUTES;2;1;RATING EXEMPLAR AS HOSTILE ;PERSON PERCEPTION;0;0;ICC;3;18;-0,26;ARTICLE
RUDMAN & LEE;2002;R;1;STEREOTYPIC ATTRIBUTES;2;2;RATING EXEMPLAR AS SEXIST ;PERSON PERCEPTION;0;0;ICC;3;18;-0,22;ARTICLE
RUDMAN & LEE;2002;R;1;STEREOTYPIC ATTRIBUTES;2;3;RATING EXEMPLAR AS INTELLIGENT ;PERSON PERCEPTION;0;0;ICC;3;18;0,01;ARTICLE
RUDMAN & LEE;2002;R;1;STEREOTYPIC ATTRIBUTES;2;1;RATING EXEMPLAR AS HOSTILE  ;PERSON PERCEPTION;0;0;ICC;4;19;0,05;ARTICLE
RUDMAN & LEE;2002;R;1;STEREOTYPIC ATTRIBUTES;2;2;RATING EXEMPLAR AS SEXIST  ;PERSON PERCEPTION;0;0;ICC;4;19;0,04;ARTICLE
RUDMAN & LEE;2002;R;1;STEREOTYPIC ATTRIBUTES;2;3;RATING EXEMPLAR AS INTELLIGENT;PERSON PERCEPTION;0;0;ICC;4;19;-0,28;ARTICLE
SABIN ET AL. ;2008;R;1;RACE IAT;1;1;TREATMENT RECOMMENDATIONS FOR BLACK PATIENTS - TREATMENT RECOMMENDATIONS FOR WHITE PATIENTS;PERSON PERCEPTION;1;2;ICC;1;60;0;ARTICLE
SABIN ET AL. ;2008;R;1;RACE IAT;1;2;TREATMENT RECOMMENDATIONS FOR WHITE PATIENTS - TREATMENT RECOMMENDATIONS FOR BLACK PATIENTS;PERSON PERCEPTION;1;2;ICC;2;33;-0,04;ARTICLE
SABIN ET AL. ;2008;R;2;COMPLIANT IAT;2;1;TREATMENT RECOMMENDATIONS FOR WHITE PATIENTS - TREATMENT RECOMMENDATIONS FOR BLACK PATIENTS;PERSON PERCEPTION;1;2;ICC;1;60;0,16;ARTICLE
SABIN ET AL. ;2008;R;2;COMPLIANT IAT;2;2;TREATMENT RECOMMENDATIONS FOR WHITE PATIENTS - TREATMENT RECOMMENDATIONS FOR BLACK PATIENTS;PERSON PERCEPTION;1;2;ICC;2;33;-0,05;ARTICLE
SABIN ET AL. ;2008;R;3;PREFERRED CARE IAT;2;1;TREATMENT RECOMMENDATIONS FOR WHITE PATIENTS - TREATMENT RECOMMENDATIONS FOR BLACK PATIENTS;PERSON PERCEPTION;1;2;ICC;1;60;-0,28;ARTICLE
SABIN ET AL. ;2008;R;3;PREFERRED CARE IAT;2;2;TREATMENT RECOMMENDATIONS FOR WHITE PATIENTS - TREATMENT RECOMMENDATIONS FOR BLACK PATIENTS;PERSON PERCEPTION;1;2;ICC;2;33;0,09;ARTICLE
SARGENT & THEIL (UNPUBLISHED);2001;R;1;RACE IAT;1;1;SEATING SELECTION ;MICROBEHAVIOR;2;2;ICC;1;19;-0,39;EMAIL
SARGENT & THEIL (UNPUBLISHED);2001;R;1;RACE IAT;1;1;SEATING SELECTION ;MICROBEHAVIOR;2;2;ICC;2;19;0,542;EMAIL
SEKAQUAPTEWA ET AL. ;2003;R;1;RACE IAT;1;1;INTERACTION QUALITY;MICROBEHAVIOR;0;0;ICC;2;39;-0,146;EMAIL
SEKAQUAPTEWA ET AL. ;2003;R;1;RACE IAT;1;1;INTERACTION QUALITY;MICROBEHAVIOR;0;1;ICC;1;40;0,104;EMAIL
SHELTON ET AL.;2005;R;1;RACE IAT;1;1;FAVORABILITY INDEX;MICROBEHAVIOR;0;0;ICC;1;15;0,41;ARTICLE
SHELTON ET AL.;2005;R;1;RACE IAT;1;2;ENGAGEMENT INDEX;MICROBEHAVIOR;0;0;ICC;1;15;-0,16;ARTICLE
SHELTON ET AL.;2005;R;1;RACE IAT;1;1;FAVORABILITY INDEX;MICROBEHAVIOR;0;1;ICC;2;23;-0,47;ARTICLE
SHELTON ET AL.;2005;R;1;RACE IAT;1;2;ENGAGEMENT INDEX;MICROBEHAVIOR;0;1;ICC;2;23;-0,49;ARTICLE
SIBLEY ET AL. ;2010;E;1;MAORI FACE IAT (STEREOTYPE -- NATIONALITY);2;1;OPPOSITION TO SYMBOLIC POLICY;POLICY PREFERENCE;0;MAORI;ICC;1;142;0,23;ARTICLE
SIBLEY ET AL. ;2010;E;2;MAORI LANGUAGE IAT (STEREOTYPE -- NATIONALITY);2;1;OPPOSITION TO SYMBOLIC POLICY;POLICY PREFERENCE;0;MAORI;ICC;1;142;0,21;ARTICLE
SIBLEY ET AL. ;2010;E;1;MAORI FACE IAT (STEREOTYPE -- NATIONALITY);2;2;OPPOSITION TO RESOURCE POLICY;POLICY PREFERENCE;0;MAORI;ICC;1;142;0,11;ARTICLE
SIBLEY ET AL. ;2010;E;2;MAORI LANGUAGE IAT (STEREOTYPE -- NATIONALITY);2;2;OPPOSITION TO RESOURCE POLICY;POLICY PREFERENCE;0;MAORI;ICC;1;142;0,08;ARTICLE
SPICER & MONTEITH (UNPUBLISHED);2001;R;1;RACE IAT;1;1;STEREOTYPE ACTIVATION;PERSON PERCEPTION;0;1;ICC;2;78;0,23;PAPER
SPICER & MONTEITH (UNPUBLISHED);2001;R;1;RACE IAT;1;1;SELF DOUBT;PERSON PERCEPTION;0;1;ICC;2;78;-0,17;PAPER
SPICER & MONTEITH (UNPUBLISHED);2001;R;1;RACE IAT;1;1;NEGATIVE AFFECT;PERSON PERCEPTION;0;1;ICC;2;78;0,07;PAPER
SPICER & MONTEITH (UNPUBLISHED);2001;R;1;RACE IAT;1;1;ANXIOUS ENERGY;PERSON PERCEPTION;0;1;ICC;2;78;0,24;PAPER
SPICER & MONTEITH (UNPUBLISHED);2001;R;1;RACE IAT;1;1;SLEEP;PERSON PERCEPTION;0;1;ICC;2;78;0,24;PAPER
SPICER & MONTEITH (UNPUBLISHED);2001;R;1;RACE IAT;1;1;TRICKY;PERSON PERCEPTION;0;1;ICC;2;78;0,21;PAPER
SPICER & MONTEITH (UNPUBLISHED);2001;R;1;RACE IAT;1;1;FOCUS-STRESS;PERSON PERCEPTION;0;1;ICC;2;78;0,19;PAPER
STANLEY ET AL. ;2011;R;1;RACE IAT;1;2;TRUSTWORTHY;PERSON PERCEPTION;1;2;ICC;2;39;0,34;ARTICLE
STANLEY ET AL. ;2011;R;1;RACE IAT;1;1;SHARING;INTERPERSONAL BEHAVIOR;1;2;ICC;2;43;0,4072;ARTICLE
STANLEY ET AL. ;2011;R;1;RACE IAT;1;1;SHARING;INTERPERSONAL BEHAVIOR;0;0;ICC;2;43;-0,0932;SUPPLEMENT
STANLEY ET AL. ;2011;R;1;RACE IAT;1;1;SHARING;INTERPERSONAL BEHAVIOR;0;1;ICC;2;43;0,2772;SUPPLEMENT
STANLEY ET AL. ;2011;R;1;RACE IAT;1;1;TRUSTWORTHY;PERSON PERCEPTION;1;2;ICC;1;50;0,4182;ARTICLE
STANLEY ET AL. ;2011;R;1;RACE IAT;1;1;TRUSTWORTHY;PERSON PERCEPTION;0;0;ICC;1;50;0,3078;SUPPLEMENT
STANLEY ET AL. ;2011;R;1;RACE IAT;1;1;TRUSTWORTHY;PERSON PERCEPTION;0;1;ICC;1;50;-0,018;SUPPLEMENT
STEPANIKOVA ET AL.;2011;R;1;RACE IAT;1;1;FINANCIAL GIVING IN DICTATOR GAME;INTERPERSONAL BEHAVIOR;0;1;ICC;1;61;0,2107;EMAIL
STEPANIKOVA ET AL.;2011;R;1;RACE IAT;1;1;FINANCIAL GIVING IN DICTATOR GAME;INTERPERSONAL BEHAVIOR;0;0;ICC;2;63;-0,0526;EMAIL
TUTTLE (UNPUBLISHED) ;2009;R;1;RACE IAT;1;1;SHOOTER BIAS;RESPONSE TIME;1;2;ICC;1;147;0,04;PAPER
VANMAN ET AL.;2004;R;1;RACE IAT;1;1;CHOOSING W VS B APPLICANT;PERSON PERCEPTION;2;2;ICC;1;21;0,295;EMAIL
VANMAN ET AL. ;2004;R;1;RACE IAT;1;1;CHOOSING W VS B APPLICANT;PERSON PERCEPTION;2;2;ICC;2;59;0,17;EMAIL
VANMAN ET AL.;2004;R;1;RACE IAT;1;2;SMILING FACIAL EMG;MICROBEHAVIOR;2;2;ICC;1;21;-0,27;EMAIL
VANMAN ET AL. ;2004;R;1;RACE IAT;1;3;FROWNING FACIAL EMG;MICROBEHAVIOR;2;2;ICC;1;21;0,045;EMAIL
VEZZALI & GIOVANNINI;2010;E;1;ITALIAN/IMMIGRANT (ATTITUDE);1;1;POLICY SUPPORT;POLICY PREFERENCE;0;IMMIGRANT;ICC;1;78;0,04;ARTICLE
ZIEGERT & HANGES;2005;R;1;RACE IAT;1;1;HIRING RECOMMENDATION;PERSON PERCEPTION;1;2;ICC;1;52;0,112;EMAIL
ZIEGERT & HANGES;2005;R;1;RACE IAT;1;1;HIRING RECOMMENDATION;PERSON PERCEPTION;1;2;ICC;2;47;0,326;EMAIL